"Ciudad","DescripciónCiudad","Atracción","Categoría","DescripciónAtracción","Calificación","Opiniones","Coordenadas","Enlace"
"Quito","Capital de Ecuador, posee el centro histórico mejor conservado de América y una rica mezcla cultural colonial e indígena:contentReference[oaicite:0]{index=0}. Su altitud andina y panoramas volcánicos, junto a su oferta moderna, la han hecho destino líder en Sudamérica:contentReference[oaicite:1]{index=1}","Iglesia de La Compañía de Jesús","Iglesia","Iglesia barroca del siglo XVII, famosa por su interior cubierto de pan de oro y considerada una joya del arte colonial quiteño:contentReference[oaicite:2]{index=2}","5.0/5","~5.000 opiniones","+0.22 S, 78.51 W","https://www.tripadvisor.com/Attraction_Review-g294308-d315505-Reviews-Iglesia_de_La_Compania_de_Jesus-Quito_Pichincha_Province.html"
"Quito","","Iglesia y Convento de San Francisco","Iglesia/Museo","Complejo religioso más grande de América, fundado en 1537, cuna de la Escuela Quiteña de arte; destaca su imponente atrio y museo con arte colonial:contentReference[oaicite:3]{index=3}","4.5/5","~1.200 opiniones","0.22 S, 78.52 W","https://www.tripadvisor.com/Attraction_Review-g294308-d316187-Reviews-San_Francisco_Church_Quito-Quito_Pichincha_Province.html"
"Quito","","Basílica del Voto Nacional","Iglesia","Catedral neogótica monumental del siglo XIX, famosa por sus gárgolas con fauna ecuatoriana. Sus altas torres ofrecen vistas panorámicas de la ciudad:contentReference[oaicite:4]{index=4}:contentReference[oaicite:5]{index=5}","4.5/5","~1.400 opiniones","0.21 S, 78.51 W","https://www.tripadvisor.com/Attraction_Review-g294308-d316186-Reviews-Basilica_del_Voto_Nacional-Quito_Pichincha_Province.html"
"Quito","","El Panecillo (Virgen de Quito)","Mirador/Monumento","Colina icónica a 3.000 msnm con una estatua alada de la Virgen de Quito (1976). Es uno de los miradores más visitados, ofreciendo vista de 360° de la ciudad:contentReference[oaicite:6]{index=6}","4.5/5","~1.300 opiniones","0.22 S, 78.52 W","https://www.tripadvisor.com/Attraction_Review-g294308-d314596-Reviews-El_Panecillo-Quito_Pichincha_Province.html"
"Quito","","TelefériQo (Teleférico de Quito)","Atracción/Paisaje","Teleférico que asciende al Cruz Loma (~4.000 msnm) en las faldas del Pichincha. Ofrece recorridos de 10 min con vistas espectaculares de Quito y volcanes circundantes:contentReference[oaicite:7]{index=7}:contentReference[oaicite:8]{index=8}","4.5/5","~2.000 opiniones","0.19 S, 78.55 W","https://www.tripadvisor.com/Attraction_Review-g294308-d946226-Reviews-Teleferico_Quito-Quito_Pichincha_Province.html"
"Quito","","Ciudad Mitad del Mundo","Monumento/Museo","Complejo turístico en la latitud 0° donde se alza un monumento que marca la línea ecuatorial. Incluye museo etnográfico y exhibiciones sobre la misión geodésica francesa:contentReference[oaicite:9]{index=9}","4.5/5","~4.000 opiniones","0.00 N, 78.45 W","https://www.tripadvisor.com/Attraction_Review-g294308-d315498-Reviews-Mitad_del_Mundo-Quito_Pichincha_Province.html"
"Quito","","Museo Templo del Sol (Ortega Maila)","Museo de arte","Museo de arte y cultura andina construido por el artista Ortega Maila, con arquitectura ancestral. Incluye exhibición de pintura, aromaterapia y ritual de energía andina:contentReference[oaicite:10]{index=10}","4.9/5","7.984 opiniones:contentReference[oaicite:11]{index=11}","0.00 S, 78.46 W","https://www.tripadvisor.com/Attraction_Review-g294308-d6965734-Reviews-Museo_Templo_del_Sol_Pintor_Ortega_Maila-Quito_Pichincha_Province.html"
"Quito","","Capilla del Hombre (Museo Guayasamín)","Museo/Arte","Museo creado por el pintor Oswaldo Guayasamín dedicado al pueblo latinoamericano. Exhibe murales y obras de gran formato en un edificio moderno con vista a la ciudad:contentReference[oaicite:12]{index=12}","4.7/5","~1.100 opiniones","0.17 S, 78.44 W","https://www.tripadvisor.com/Attraction_Review-g294308-d316381-Reviews-La_Capilla_Del_Hombre-Quito_Pichincha_Province.html"
"Quito","","Plaza de la Independencia (Plaza Grande)","Plaza histórica","Plaza central rodeada de edificios emblemáticos: Palacio de Carondelet (sede presidencial), Catedral Metropolitana, Palacio Arzobispal. Escenario de eventos históricos desde la colonia:contentReference[oaicite:13]{index=13}","4.5/5","~500 opiniones","0.22 S, 78.51 W","https://www.tripadvisor.com/Attraction_Review-g294308-d314599-Reviews-Plaza_de_la_Independencia_Plaza_Grande-Quito_Pichincha_Province.html"
"Quito","","Calle La Ronda","Calle tradicional","Calle colonial estrecha y adoquinada, llena de casas históricas, restaurantes, arte y música en vivo. Es el epicentro bohemio de Quito, ideal para disfrutar gastronomía y cultura local:contentReference[oaicite:14]{index=14}","4.5/5","~400 opiniones","0.22 S, 78.51 W","https://www.tripadvisor.com/Attraction_Review-g294308-d1587408-Reviews-La_Ronda-Quito_Pichincha_Province.html"
"Guayaquil","Principal puerto y segunda ciudad de Ecuador, llamada la “Perla del Pacífico”. Ofrece una mezcla de modernidad, historia y naturaleza que la convierte en destino imperdible:contentReference[oaicite:15]{index=15}","Malecón 2000","Paseo ribereño","Extenso malecón junto al río Guayas con parques, monumentos (La Rotonda) y áreas recreativas. Es el corazón turístico de Guayaquil, con vistas al río y museos cercanos:contentReference[oaicite:16]{index=16}","4.5/5","~5.000 opiniones","2.19 S, 79.88 W","https://www.tripadvisor.com/Attraction_Review-g303845-d316244-Reviews-Malecon_2000-Guayaquil_Guayas_Province.html"
"Guayaquil","","Barrio Las Peñas & Cerro Santa Ana","Barrio histórico","Antiguo barrio colonial de casas coloridas en la ladera del Cerro Santa Ana. Cuenta con 444 escalones con bares y galerías que llevan al faro mirador en la cima, con panorámica de la ciudad:contentReference[oaicite:17]{index=17}","4.5/5","~1.300 opiniones","2.19 S, 79.88 W","https://www.tripadvisor.com/Attraction_Review-g303845-d317538-Reviews-Las_Penas-Guayaquil_Guayas_Province.html"
"Guayaquil","","Parque Seminario (Parque de las Iguanas)","Parque urbano","Pequeño parque frente a la catedral, habitado por decenas de iguanas verdes que deambulan libremente. Atractivo peculiar donde visitantes pueden observarlas de cerca en un entorno urbano:contentReference[oaicite:18]{index=18}","4.0/5","~1.000 opiniones","2.19 S, 79.88 W","https://www.tripadvisor.com/Attraction_Review-g303845-d314711-Reviews-Parque_de_Las_Iguanas-Guayaquil_Guayas_Province.html"
"Guayaquil","","Parque Histórico Guayaquil","Parque/Museo","Reserva a las afueras de la ciudad que recrea la Guayaquil de antaño. Combina un zoo con fauna local, exhibiciones culturales y casas históricas de madera trasladadas desde el centro:contentReference[oaicite:19]{index=19}","4.5/5","~600 opiniones","2.17 S, 79.87 W","https://www.tripadvisor.com/Attraction_Review-g303845-d317533-Reviews-Parque_Historico_Guayaquil-Guayaquil_Guayas_Province.html"
"Guayaquil","","Isla Santay","Reserva natural","Isla ecológica en el río Guayas, accesible por puente peatonal. Cuenta con senderos, centro eco-turístico y poblado local. Permite observar manglares, aves y escaparse de la ciudad en plena naturaleza","4.5/5","~300 opiniones","2.19 S, 79.86 W","https://www.tripadvisor.com/Attraction_Review-g303845-d6701345-Reviews-Santay_Island-Guayaquil_Guayas_Province.html"
"Guayaquil","","Catedral Metropolitana de Guayaquil","Iglesia","Catedral neo-gótica ubicada junto al Parque Seminario. Destaca por sus altas torres gemelas y vitrales. Es el principal templo católico de la ciudad, reconstruido en cemento en 1948 tras incendios","4.5/5","~200 opiniones","2.19 S, 79.88 W","https://www.tripadvisor.com/Attraction_Review-g303845-d317539-Reviews-Catedral_Metropolitana_de_Guayaquil-Guayaquil_Guayas_Province.html"
"Guayaquil","","La Perla","Atracción (Noria)","Rueda moscovita gigante (60 m) situada en el Malecón Simón Bolívar a orillas del río. Inaugurada en 2016, ofrece rides de 12 min con vistas panorámicas de la ciudad y el río","4.0/5","~300 opiniones","2.18 S, 79.88 W","https://www.tripadvisor.com/Attraction_Review-g303845-d12204146-Reviews-La_Perla-Guayaquil_Guayas_Province.html"
"Guayaquil","","Museo Antropológico y de Arte Contemporáneo (MAAC)","Museo","Museo a lo largo del Malecón 2000 que exhibe arte precolombino, colonial y contemporáneo ecuatoriano. Incluye piezas arqueológicas de las culturas Valdivia, Manteña, etc., y salas de arte moderno","4.0/5","~150 opiniones","2.19 S, 79.88 W","https://www.tripadvisor.com/Attraction_Review-g303845-d317537-Reviews-Museo_Antropologico_y_de_Arte_Contemporaneo-Guayaquil_Guayas_Province.html"
"Cuenca","Ciudad colonial en la sierra sur, conocida por su centro histórico Patrimonio de la Humanidad (UNESCO 1999) y su ambiente tranquilo. Sus calles adoquinadas, iglesias de cúpulas azules y casas con balcones de madera reflejan su rica herencia española:contentReference[oaicite:20]{index=20}:contentReference[oaicite:21]{index=21}","Catedral de la Inmaculada Concepción","Catedral","También llamada Catedral Nueva (terminada en 1975), es la icónica catedral de domos azules de Cuenca. Combina estilos neogótico y renacentista; su fachada de piedra y majestuosas cúpulas de azulejos azules la hacen símbolo de la ciudad:contentReference[oaicite:22]{index=22}:contentReference[oaicite:23]{index=23}","4.5/5","~1.500 opiniones","2.90 S, 79.00 W","https://www.tripadvisor.com/Attraction_Review-g294309-d315503-Reviews-Catedral_de_la_Inmaculada_Concepcion-Cuenca_Azuay_Province.html"
"Cuenca","","Parque Nacional El Cajas","Reserva natural","Parque andino a 30 km de Cuenca, con más de 200 lagunas glaciares entre páramos y bosques de polylepis. Ideal para senderismo, pesca de truchas y avistamiento de llamas y venados en paisajes sobre 3.000 msnm","4.8/5","~800 opiniones","2.83 S, 79.22 W","https://www.tripadvisor.com/Attraction_Review-g294309-d555420-Reviews-El_Cajas_National_Park-Cuenca_Azuay_Province.html"
"Cuenca","","Complejo Pumapungo (Museo y Parque)","Museo/Arqueología","Sitio que alberga el Museo Pumapungo y las ruinas arqueológicas de Tomebamba (poblado Inca). El museo expone arte, etnografía y una colección de momias Shuar; afuera se recorren restos de terrazas incas y jardines etnobotánicos","4.5/5","~300 opiniones","2.90 S, 78.99 W","https://www.tripadvisor.com/Attraction_Review-g294309-d1011484-Reviews-Pumapungo_Museum_and_Arqueological_Park_Casa_del_Alfarero-Cuenca_Azuay_Province.html"
"Cuenca","","Mirador de Turi","Mirador","Colina al sur de Cuenca con una pequeña iglesia, conocida por ofrecer la vista panorámica más famosa de la ciudad. Se puede acceder en vehículo o escalando cientos de gradas; alrededor hay cafés y tiendas de artesanías","4.5/5","~600 opiniones","2.92 S, 78.98 W","https://www.tripadvisor.com/Attraction_Review-g294309-d670862-Reviews-Mirador_de_Turi-Cuenca_Azuay_Province.html"
"Cuenca","","Parque Calderón","Plaza central","Plaza principal de Cuenca rodeada de edificios históricos como la Catedral Nueva y la Catedral Vieja. Con jardines, fuentes y el kiosko central, es un punto de encuentro local y escenario de eventos cívicos","4.5/5","~300 opiniones","2.90 S, 78.99 W","https://www.tripadvisor.com/Attraction_Review-g294309-d553318-Reviews-Elizabeth_Ordonez-Cuenca_Azuay_Province.html"
"Cuenca","","Catedral del Sagrario (Catedral Vieja)","Monumento/Museo","Antigua catedral de Cuenca (1557), de estilo renacentista, hoy convertida en museo de arte religioso. Su fachada de piedra y el interior restaurado exhiben pinturas, retablos y reliquias históricas de la diócesis","4.5/5","~200 opiniones","2.90 S, 78.99 W","https://www.tripadvisor.com/Attraction_Review-g294309-d774437-Reviews-Catedral_de_la_Inmaculada-Concepcion-OLD-Cuenca_Azuay_Province.html"
"Cuenca","","Iglesia del Carmen de la Asunción","Iglesia","Iglesia y convento del siglo XVII ubicados junto a la plazoleta de las Flores. Reconocidos por su fachada barroca de piedra y por albergar un mercado de flores tradicional en su atrio, aportando colorido y aroma al centro histórico","4.5/5","~100 opiniones","2.90 S, 78.99 W","https://www.tripadvisor.com/Attraction_Review-g294309-d7183193-Reviews-Plaza_de_las_Flores-Cuenca_Azuay_Province.html"
"Cuenca","","Ingapirca (ruinas incas)","Sitio arqueológico","Complejo arqueológico Inca más importante de Ecuador, con ruinas de un templo del Sol y construcciones de piedra perfectamente ensambladas. Se ubica a 80 km de Cuenca; muestra la presencia Inca y Cañari en la región:contentReference[oaicite:24]{index=24}","4.5/5","~400 opiniones","2.54 S, 78.87 W","https://www.tripadvisor.com/Attraction_Review-g303847-d314709-Reviews-Ingapirca_Ruins-Canar_Canar_Province.html"
"Cuenca","","Museo del Sombrero de Paja Toquilla","Museo/Industria","Taller-museo donde se exhibe el proceso tradicional de tejido del sombrero de paja toquilla (mal llamado “Panama hat”). Los visitantes pueden ver artesanos trabajando, apreciar sombreros históricos y comprar sombreros finos","4.5/5","~300 opiniones","2.90 S, 78.99 W","https://www.tripadvisor.com/Attraction_Review-g294309-d2634093-Reviews-Homero_Ortega_Pajarito_Sombrero_Cuenca_Azuay_Province.html"
"Baños de Agua Santa","Pequeña ciudad andina en las faldas del volcán Tungurahua, célebre por sus aguas termales, cascadas y deportes de aventura. Es uno de los destinos de naturaleza y aventura más importantes de Ecuador:contentReference[oaicite:25]{index=25}","Cascada Pailón del Diablo","Cascada","Impresionante cascada de ~30 m en el río Verde, accesible por senderos y puentes bajo la selva. El agua cae con gran fuerza en una olla, formando neblina; es el salto más famoso de la Ruta de las Cascadas en Baños","4.8/5","~2.300 opiniones","1.39 S, 78.42 W","https://www.tripadvisor.com/Attraction_Review-g316050-d316758-Reviews-Pailon_del_Diablo_Devil_s_Cauldron-Banos_Tungurahua_Province.html"
"Baños de Agua Santa","","Casa del Árbol (Columpio “Fin del Mundo”)","Mirador/Aventura","Pequeña casa con columpio sobre un abismo, a 2.600 msnm, que ofrece vistas espectaculares del valle de Baños y del volcán Tungurahua. Famoso por la adrenalina de columpiarse “sobre el vacío” y tomar fotos únicas","4.5/5","~1.300 opiniones","1.39 S, 78.44 W","https://www.tripadvisor.com/Attraction_Review-g316050-d7316314-Reviews-La_Casa_del_Arbol-Banos_Tungurahua_Province.html"
"Baños de Agua Santa","","Termas de la Virgen","Termas/Balneario","Piscinas termales públicas alimentadas por aguas volcánicas ricas en minerales, ubicadas al pie de una cascada en pleno pueblo. Locales y turistas acuden para relajarse en sus aguas cálidas con propiedades terapéuticas","4.0/5","~400 opiniones","1.40 S, 78.42 W","https://www.tripadvisor.com/Attraction_Review-g316050-d315315-Reviews-Termas_de_la_Virgen-Banos_Tungurahua_Province.html"
"Baños de Agua Santa","","Cascada Manto de la Novia","Cascada","Caída de agua de ~40 m que forma un velo blanco sobre el río Pastaza, visible desde un puente colgante. Se puede cruzar en tarabita (cablecarril) sobre el cañón para admirar de cerca esta cascada escénica rodeada de selva","4.5/5","~150 opiniones","1.42 S, 78.36 W","https://www.tripadvisor.com/Attraction_Review-g316050-d8412340-Reviews-Manto_de_la_Novia_Waterfall-Banos_Tungurahua_Province.html"
"Baños de Agua Santa","","Basílica de Nuestra Señora de Agua Santa","Iglesia","Templo neogótico construido en honor a la Virgen de Agua Santa, patrona de Baños. Su interior exhibe murales que narran milagros atribuidos a la Virgen, y es centro de peregrinación; de noche su fachada se ilumina bellamente","4.5/5","~200 opiniones","1.40 S, 78.42 W","https://www.tripadvisor.com/Attraction_Review-g316050-d315314-Reviews-Church_of_the_Virgin_of_the_Holy_Water_Basilica_de_Nuestra_Senora_del_Agua_Santa-Ban.html"
"Baños de Agua Santa","","Mirador “La Virgen”","Mirador","Estatua de la Virgen María ubicada en lo alto de un cerro al este de Baños, accesible tras subir ~600 escalones. Desde la cima se obtiene una vista panorámica de la ciudad y del valle; el sendero está acompañado de estaciones del Vía Crucis","4.5/5","~80 opiniones","1.40 S, 78.41 W","https://www.tripadvisor.com/Attraction_Review-g316050-d14938854-Reviews-Mirador_De_La_Virgen-Banos_Tungurahua_Province.html"
"Otavalo","Ciudad andina imbabureña conocida como “Capital Intercultural del Ecuador” por su riqueza indígena. Es uno de los puntos turísticos más visitados del país, famoso por su mercado artesanal indígena considerado el más grande de Sudamérica:contentReference[oaicite:26]{index=26}:contentReference[oaicite:27]{index=27}","Mercado de Otavalo (Plaza de los Ponchos)","Mercado artesanal","Mercado indígena centenario al aire libre, especialmente concurrido los sábados. Ofrece una enorme variedad de textiles, artesanías, tapices, ponchos, joyería y recuerdos producidos por la comunidad otavaleña:contentReference[oaicite:28]{index=28}","4.2/5","1.184 opiniones【10†0】","0.23 N, 78.26 W","https://www.tripadvisor.com/Attraction_Review-g303848-d314638-Reviews-Otavalo_Market-Otavalo_Imbabura_Province.html"
"Otavalo","","Cascada de Peguche","Cascada","Cascada de ~20 m de altura dentro del Bosque Protector Peguche, a 3 km de Otavalo. Es un sitio sagrado para los indígenas (escenario de baños rituales en Inti Raymi) y ofrece senderos naturales y áreas de picnic:contentReference[oaicite:29]{index=29}","4.2/5","751 opiniones:contentReference[oaicite:30]{index=30}","0.24 N, 78.24 W","https://www.tripadvisor.com/Attraction_Review-g303848-d2650785-Reviews-Cascada_de_Peguche-Otavalo_Imbabura_Province.html"
"Otavalo","","Parque Cóndor","Centro de rescate","Centro de aves de presa andinas situado en una colina con vista a Otavalo. Alberga cóndores, águilas y halcones rescatados, con exhibiciones de vuelo. Promueve la educación y conservación de estas especies emblemáticas de los Andes","4.3/5","533 opiniones:contentReference[oaicite:31]{index=31}","0.23 N, 78.25 W","https://www.tripadvisor.com/Attraction_Review-g303848-d1630473-Reviews-Parque_Condor-Otavalo_Imbabura_Province.html"
"Otavalo","","Lagunas de Mojanda","Lagunas","Conjunto de lagunas de origen volcánico a 17 km de Otavalo (3.700 msnm). La principal, Karicocha, está rodeada de montañas y pajonales andinos. Sitio ideal para caminatas, camping y disfrutar paisajes andinos vírgenes","4.5/5","~50 opiniones","0.11 N, 78.29 W","https://www.tripadvisor.com/Attraction_Review-g303848-d8540967-Reviews-Mojanda_Lakes-Otavalo_Imbabura_Province.html"
"Otavalo","","Volcán Imbabura (sendero)","Volcán","Volcán inactivo de 4.630 m que domina Otavalo. Los aventureros ascienden por senderos empinados (6–8 h ida/vuelta) pasando por páramo y roca para alcanzar su cumbre, desde donde hay vistas espectaculares de los Andes y lagos circundantes","N/A","N/A","0.32 N, 78.18 W",""
"Mindo","Pequeña localidad en el bosque nublado de los Andes occidentales, famosa por su biodiversidad. Rodeada de cascadas y bosques, posee una de las avifaunas más ricas del país, siendo destino imperdible para amantes de la naturaleza y la aventura:contentReference[oaicite:32]{index=32}","Mariposario de Mindo","Mariposario","Reserva de mariposas donde se pueden observar decenas de especies tropicales en vivo. Incluye un jardín con plantas atrayentes y guías que muestran el ciclo de vida de mariposas exóticas; ideal para fotografía y educación","4.5/5","~700 opiniones","0.07 N, 78.77 W","https://www.tripadvisor.com/Attraction_Review-g609138-d316960-Reviews-Mariposas_de_Mindo-Mindo_Pichincha_Province.html"
"Mindo","","Santuario de Cascadas (Tarabita)","Naturaleza/Aventura","Conjunto de senderos que conducen a varias cascadas en la Reserva Mindo-Nambillo. Para acceder, se cruza en tarabita (cable aéreo) sobre el valle. Las caminatas permiten bañarse en pozas y disfrutar la selva nublada","4.5/5","~450 opiniones","0.06 S, 78.75 W","https://www.tripadvisor.com/Attraction_Review-g609138-d4544007-Reviews-Mindo_Nambillo_Cloud_Forest_Reserve-Mindo_Pichincha_Province.html"
"Mindo","","Canopy y Ziplines","Deporte/Aventura","Circuito de tirolesas entre las copas de los árboles en Mindo. Distintas empresas ofrecen varias líneas que cruzan a alta velocidad el bosque nublado, brindando emoción y vistas únicas de la vegetación y montañas","5.0/5","~300 opiniones","0.05 S, 78.78 W","https://www.tripadvisor.com/Attraction_Review-g609138-d1550412-Reviews-Mindo_Canopy_Adventure-Mindo_Pichincha_Province.html"
"Mindo","","Reserva Paz de las Aves","Reserva de aves","Reserva privada famosa por avistamiento de aves raras como gallo de la peña, varias especies de antpittas y cientos de colibríes. Guiada por agricultores locales que atraen las aves con alimentación, permitiendo a turistas verlas de cerca","5.0/5","~140 opiniones","0.00 S, 78.79 W","https://www.tripadvisor.com/Attraction_Review-g609138-d1162709-Reviews-Paz_de_las_Aves_Bird_Refuge-Mindo_Pichincha_Province.html"
"Mindo","","Tour del Chocolate (Yumbos)","Tour gastronómico","Pequeña fábrica de chocolate artesanal donde se muestra el proceso desde el cacao hasta la barra de chocolate. Los visitantes recorren el jardín de cacao, observan la fermentación, tueste y molienda, y degustan chocolates y cacao puro","4.5/5","~250 opiniones","0.07 S, 78.78 W","https://www.tripadvisor.com/Attraction_Review-g609138-d2486690-Reviews-El_Quetzal_de_Mindo-Mindo_Pichincha_Province.html"
"Montañita","Pequeño pueblo costero en Santa Elena, famoso por su ambiente de fiesta permanente y excelente oleaje para surf. Es uno de los spots de surf y vida nocturna más populares del país:contentReference[oaicite:33]{index=33}","Playa Montañita","Playa","Extensa playa de arena dorada con oleaje constante, ideal para surfistas de todos los niveles. De día es un punto de surf y descanso bajo el sol; al atardecer se llena de visitantes disfrutando del paisaje marino tropical","4.5/5","~150 opiniones","1.83 S, 80.76 W","https://www.tripadvisor.com/Attraction_Review-g609140-d2312281-Reviews-Montanita_Beach-Montanita_Santa_Elena_Province.html"
"Montañita","","La Punta de Montañita","Mirador/Surf","Extremo norte de la playa, zona rocosa que forma olas de calidad mundial (derecha larga). Es el lugar preferido por surfistas avanzados; además, desde las rocas se aprecian los mejores atardeceres y la vista panorámica de Montañita","N/A","N/A","1.82 S, 80.77 W",""
"Montañita","","Santuario Blanca Estrella de Mar","Mirador/Iglesia","Pequeña capilla blanca construida en un acantilado entre Montañita y Olón. Dedicada a la Virgen, es accesible por sendero y ofrece vistas espectaculares del mar y la costa. Punto de contemplación y meditación frente al océano Pacífico","4.5/5","~40 opiniones","1.81 S, 80.75 W","https://www.tripadvisor.com/Attraction_Review-g609140-d12880367-Reviews-Santuario_Blanca_Estrella_de_la_Mar-Montanita_Santa_Elena_Province.html"
"Montañita","","Calle de los Cócteles","Vida nocturna","Calle principal del pueblo repleta de bares rústicos y puestos que venden cocteles tropicales. Epicentro de la vida nocturna montañitense: todas las noches (especialmente fines de semana) se llena de música, turistas y fiesta al aire libre","N/A","N/A","1.83 S, 80.75 W",""
"Puerto Ayora (Galápagos)","Principal ciudad de las islas Galápagos, en Isla Santa Cruz. Es el centro turístico más grande del archipiélago, combinando belleza natural con comodidades modernas para visitantes:contentReference[oaicite:34]{index=34}","Estación Científica Charles Darwin","Centro científico","Centro de investigación y cría de tortugas gigantes. Cuenta con exhibiciones sobre la flora, fauna y conservación de Galápagos. Los visitantes pueden observar tortugas de distintas especies y edades, incluidas las emblemáticas tortugas gigantes en corrales:contentReference[oaicite:35]{index=35}","4.5/5","~2.500 opiniones","0.74 S, 90.31 W","https://www.tripadvisor.com/Attraction_Review-g297533-d317382-Reviews-Charles_Darwin_Research_Station-Puerto_Ayora_Santa_Cruz_Galapagos_Islands.html"
"Puerto Ayora (Galápagos)","","Playa Tortuga Bay","Playa","Playa prístina de arena blanca considerada de las más hermosas de Galápagos. Se accede tras caminar ~2,5 km desde el pueblo. Sus aguas turquesa y manglares albergan iguanas marinas, tortugas y tintoreras; sector cercano apto para nadar y hacer snorkel","5.0/5","~3.800 opiniones","0.75 S, 90.33 W","https://www.tripadvisor.com/Attraction_Review-g297533-d1173324-Reviews-Galapagos_Beach_at_Tortuga_Bay-Puerto_Ayora_Santa_Cruz_Galapagos_Islands.html"
"Puerto Ayora (Galápagos)","","Las Grietas","Accidente natural","Grieta volcánica llena de agua salobre donde se puede nadar entre altas paredes de roca. Se llega en bote y sendero corto desde Puerto Ayora. Sus aguas cristalinas de tonos azul verdoso brindan una experiencia única de snorkel en un entorno tranquilo","4.5/5","~800 opiniones","0.74 S, 90.31 W","https://www.tripadvisor.com/Attraction_Review-g297533-d2547100-Reviews-Las_Grietas-Puerto_Ayora_Santa_Cruz_Galapagos_Islands.html"
"Puerto Ayora (Galápagos)","","Reserva El Chato","Reserva natural","Reserva privada en la parte alta de Santa Cruz donde las tortugas gigantes de Galápagos deambulan en libertad. Los visitantes pueden caminar entre ellas en su hábitat natural (pantanos, pastizales) y también explorar túneles de lava formados hace miles de años","4.5/5","~600 opiniones","0.68 S, 90.38 W","https://www.tripadvisor.com/Attraction_Review-g297533-d2227673-Reviews-El_Chato_Ranch-Puerto_Ayora_Santa_Cruz_Galapagos_Islands.html"
"Puerto Ayora (Galápagos)","","Los Gemelos","Accidente natural","Dos enormes depresiones volcánicas gemelas ubicadas a los lados de la carretera en la parte alta de Santa Cruz. Son cráteres colapsados cubiertos de vegetación de Scalesia (endemismo de Galápagos), hogar de pinzones y otras aves","4.5/5","~300 opiniones","0.62 S, 90.39 W","https://www.tripadvisor.com/Attraction_Review-g297533-d7380061-Reviews-Los_Gemelos-Puerto_Ayora_Santa_Cruz_Galapagos_Islands.html"
"Puerto Ayora (Galápagos)","","Playa El Garrapatero","Playa","Playa aislada de arena clara y aguas tranquilas en la costa este de Santa Cruz (a 30 min en auto + caminata). Rodeada de manglares, suele estar poco concurrida; se pueden ver flamingos y patillos en una laguna cercana. Sitio ideal para picnic y natación","4.5/5","~200 opiniones","0.68 S, 90.21 W","https://www.tripadvisor.com/Attraction_Review-g297533-d1173319-Reviews-El_Garrapatero-Puerto_Ayora_Santa_Cruz_Galapagos_Islands.html"
"Puerto Baquerizo Moreno (Galápagos)","Capital provincial de Galápagos, en Isla San Cristóbal. Es un pueblo pequeño y tranquilo, el asentamiento más antiguo del archipiélago, ideal para convivir con la gente local y explorar sitios naturales únicos de la isla:contentReference[oaicite:36]{index=36}","León Dormido (Kicker Rock)","Islote","Formación rocosa volcánica emblemática frente a San Cristóbal con forma de obelisco partido. Es uno de los mejores sitios de buceo y snorkel en Galápagos: en sus aguas se observan tiburones (como los martillo), tortugas marinas, rayas y gran variedad de peces","5.0/5","~900 opiniones","0.81 S, 89.53 W","https://www.tripadvisor.com/Attraction_Review-g297530-d2359400-Reviews-Kicker_Rock-Puerto_Baquerizo_Moreno_San_Cristobal_Galapagos_Islands.html"
"Puerto Baquerizo Moreno (Galápagos)","","La Lobería","Playa","Playa de arena y roca a las afueras del pueblo, hogar de una colonia de lobos marinos. Ofrece snorkel entre tortugas marinas y peces tropicales, además de olas aptas para surfistas experimentados. Un sendero cercano permite observar iguanas marinas y fragatas","4.5/5","~350 opiniones","0.93 S, 89.62 W","https://www.tripadvisor.com/Attraction_Review-g297530-d2707370-Reviews-La_Loberia-Puerto_Baquerizo_Moreno_San_Cristobal_Galapagos_Islands.html"
"Puerto Baquerizo Moreno (Galápagos)","","Centro de Interpretación","Museo","Museo educativo administrado por el Parque Nacional Galápagos que brinda información sobre la historia natural, geología, ecosistemas y gestión de las islas. Exhibe fotos, maquetas y explicaciones que contextualizan la visita al archipiélago","4.5/5","~500 opiniones","0.90 S, 89.61 W","https://www.tripadvisor.com/Attraction_Review-g297530-d1592699-Reviews-Interpretation_Center-Puerto_Baquerizo_Moreno_San_Cristobal_Galapagos_Islands.html"
"Puerto Baquerizo Moreno (Galápagos)","","Cerro Tijeretas","Mirador/Snorkel","Colina cercana al Centro de Interpretación, con sendero que lleva a miradores naturales donde se observan fragatas (de ahí el nombre “tijeretas”). En la base, una bahía de aguas claras es ideal para snorkelear junto a leones marinos y peces de arrecife","4.5/5","~250 opiniones","0.89 S, 89.61 W","https://www.tripadvisor.com/Attraction_Review-g297530-d2547104-Reviews-Cerro_Tijeretas-Puerto_Baquerizo_Moreno_San_Cristobal_Galapagos_Islands.html"
"Puerto Baquerizo Moreno (Galápagos)","","Playa Mann","Playa","Pequeña playa de arena dorada a pocos minutos del centro. Muy frecuentada por locales, ideal para nadar y ver atardeceres. Su bahía suele tener lobos marinos descansando en la arena y pelícanos pescando cerca de la orilla","4.0/5","~150 opiniones","0.90 S, 89.61 W","https://www.tripadvisor.com/Attraction_Review-g297530-d7363514-Reviews-Playa_Mann-Puerto_Baquerizo_Moreno_San_Cristobal_Galapagos_Islands.html"
"Puerto Baquerizo Moreno (Galápagos)","","Laguna El Junco","Laguna","Laguna de agua dulce ubicada en el cráter de un volcán extinto en la parte alta de San Cristóbal (~700 msnm). Rodeada de vegetación de miconia, es hábitat de aves como fragatas que acuden a bañarse. Es la única laguna de agua dulce significativa en Galápagos","4.5/5","~100 opiniones","0.88 S, 89.52 W","https://www.tripadvisor.com/Attraction_Review-g297530-d2547103-Reviews-Laguna_El_Junco-Puerto_Baquerizo_Moreno_San_Cristobal_Galapagos_Islands.html"
"Puerto Baquerizo Moreno (Galápagos)","","Puerto Chino","Playa","Playa remota de arena blanca en la costa sureste de San Cristóbal, accesible vía terrestre y caminata corta. Rodeada de lava y arbustos, es un lugar tranquilo para descansar; suelen verse leones marinos y piqueros de patas azules en las rocas cercanas","4.5/5","~200 opiniones","0.93 S, 89.45 W","https://www.tripadvisor.com/Attraction_Review-g297530-d9728417-Reviews-Puerto_Chino_Beach-Puerto_Baquerizo_Moreno_San_Cristobal_Galapagos_Islands.html"
"Puerto Villamil (Galápagos)","Única localidad de Isla Isabela, con ~2.000 hab. Ofrece un ambiente relajado con playas vírgenes de arena blanca y lagunas con flamencos rosados, siendo un paraíso para amantes de la naturaleza en Galápagos:contentReference[oaicite:37]{index=37}","Los Túneles (Cabo Rosa)","Sitio de snorkel","Red de formaciones volcánicas semicirculares colapsadas en el mar, creando túneles y arcos parcialmente sumergidos. En este tour en lancha se realiza snorkel entre tortugas marinas, tiburones de punta blanca, caballitos de mar y piqueros de patas azules posados en las rocas","5.0/5","~300 opiniones","1.15 S, 91.40 W","https://www.tripadvisor.com/Attraction_Review-g1732554-d2625548-Reviews-Los_Tuneles-Puerto_Villamil_Isabela_Galapagos_Islands.html"
"Puerto Villamil (Galápagos)","","Islote Las Tintoreras","Islote","Pequeño archipiélago de rocas volcánicas frente a Puerto Villamil, hogar de pingüinos de Galápagos, tiburones de punta blanca (tintoreras) que descansan en canales de lava, iguanas marinas, lobos marinos y aves costeras. Se visita en tour guiado con snorkel","4.5/5","~500 opiniones","0.95 S, 90.96 W","https://www.tripadvisor.com/Attraction_Review-g1732554-d1774366-Reviews-Las_Tintoreras-Puerto_Villamil_Isabela_Galapagos_Islands.html"
"Puerto Villamil (Galápagos)","","Volcán Sierra Negra","Volcán","Volcán activo con uno de los cráteres más grandes del mundo (~10 km diámetro). Una caminata de ~9 km desde el puesto de control lleva al borde del cráter con vistas impresionantes de la caldera. Opcionalmente se continúa hacia Volcán Chico para observar fumarolas y recientes coladas de lava","4.5/5","~250 opiniones","0.83 S, 91.17 W","https://www.tripadvisor.com/Attraction_Review-g1732554-d2514161-Reviews-Sierra_Negra->
"Puerto Villamil (Galápagos)","","Concha de Perla","Laguna/Salinas","Ensenada de aguas tranquilas junto al muelle de Puerto Villamil, ideal para snorkel. Se accede por una pasarela entre manglares; allí se puede nadar con leones marinos, tortugas, rayas y coloridos peces tropicales en un entorno sereno y poco profundo","4.5/5","~320 opiniones","0.96 S, 90.97 W","https://www.tripadvisor.com/Attraction_Review-g1732554-d1511228-Reviews-Concha_de_Perla-Puerto_Villamil_Isabela_Galapagos_Islands.html"
"Puerto Villamil (Galápagos)","","Muro de las Lágrimas","Sitio histórico","Muralla de piedras volcánicas de 100 m de largo por 7 m de alto, construida manualmente por prisioneros en la colonia penal de Isabela (1945–59). Simboliza las penurias sufridas; se llega en bicicleta o caminata (~5 km del pueblo) pasando miradores y playas con iguanas","4.0/5","~250 opiniones","0.94 S, 91.46 W","https://www.tripadvisor.com/Attraction_Review-g1732554-d2547152-Reviews-The_Wall_of_Tears-Puerto_Villamil_Isabela_Galapagos_Islands.html"
"Puerto Villamil (Galápagos)","","Centro de Crianza Arnaldo Tupiza","Centro de crianza","Centro de reproducción de tortugas gigantes de Isabela, donde se las cría en cautiverio para repoblar la isla. Se pueden ver tortugas de diferentes edades, desde crías hasta adultos reproductores. Cuenta con senderos y paneles explicativos sobre conservación","4.5/5","~200 opiniones","0.94 S, 90.96 W","https://www.tripadvisor.com/Attraction_Review-g1732554-d2464215-Reviews-The_Giant_Tortoise_Breeding_Center-Puerto_Villamil_Isabela_Galapagos_Islands.html"
"Salinas","Ciudad balnearia en la Península de Santa Elena, considerada el balneario más popular de Ecuador:contentReference[oaicite:38]{index=38}. Conocida por sus playas, rascacielos estilo Miami y animada vida turística, es destino favorito especialmente en temporadas de sol","Playa de Salinas (Chipipe)","Playa","Playa principal de Salinas, de aguas tranquilas y apropiadas para nadar. Bordeada por el malecón y altos edificios, ofrece alquiler de sombrillas, deportes acuáticos y es epicentro de la actividad turística, similar a un “Miami” ecuatoriano:contentReference[oaicite:39]{index=39}","4.5/5","~350 opiniones","2.18 S, 80.98 W","https://www.tripadvisor.com/Attraction_Review-g297539-d3316862-Reviews-Chipipe_Beach-Salinas_Santa_Elena_Province.html"
"Salinas","","La Chocolatera","Mirador","Punta rocosa y acantilado dentro de la Base Naval, punto más occidental de Ecuador continental. Recibe el choque de corrientes que levantan espuma (de ahí el nombre); miradores ofrecen vistas panorámicas del Pacífico y avistamiento de ballenas en temporada","4.5/5","~200 opiniones","2.20 S, 81.02 W","https://www.tripadvisor.com/Attraction_Review-g297539-d8395311-Reviews-La_Chocolatera-Salinas_Santa_Elena_Province.html"
"Salinas","","La Lobería de Salinas","Reserva faunística","Área costera protegida cercana a la Chocolatera, hogar de una colonia de lobos marinos sudamericanos. Senderos permiten observar de cerca a los lobos descansando sobre las rocas y aves marinas. Es parte de la Reserva Marino Costera Puntilla de Santa Elena","4.5/5","~80 opiniones","2.19 S, 81.03 W","https://www.tripadvisor.com/Attraction_Review-g297539-d10450062-Reviews-La_Loberia-Salinas_Santa_Elena_Province.html"
"Salinas","","Museo de Ballenas","Museo","Museo privado enfocado en la biodiversidad marina local, con énfasis en ballenas y delfines. Exhibe esqueletos completos de cetáceos (incluida una ballena jorobada de 12 m), muestras biológicas, paneles educativos y ofrece charlas de conservación","4.5/5","~60 opiniones","2.18 S, 80.98 W","https://www.tripadvisor.com/Attraction_Review-g297539-d8546071-Reviews-Museo_de_las_Ballenas-Salinas_Santa_Elena_Province.html"
"Salinas","","Malecón de Salinas","Paseo marítimo","Avenida costera junto a la playa principal, bordeada de palmeras, restaurantes, hoteles y locales nocturnos. Es el lugar ideal para pasear al atardecer, disfrutar de gastronomía marina y del ambiente vacacional con vista a la bahía de Salinas","4.5/5","~120 opiniones","2.18 S, 80.98 W",""
"Manta","Ciudad portuaria de Manabí, importante por su industria pesquera pero también por sus playas. Punto de partida para excursiones marinas (avistamiento de ballenas) y famosa por su gastronomía marinera, combina desarrollo urbano con atractivos costeros","Playa El Murciélago","Playa","Playa urbana principal de Manta, amplia y de arena clara, con oleaje moderado. Flanqueada por malecón con restaurantes y bares. Popular para bañistas, voleibol y deportes acuáticos; cuenta con salvavidas y comodidades turísticas","4.0/5","~180 opiniones","0.95 S, 80.74 W","https://www.tripadvisor.com/Attraction_Review-g297538-d6206456-Reviews-Playa_el_Murcielago-Manta_Manabi_Province.html"
"Manta","","Playa Santa Marianita","Playa","Playa extensa a 15 km de Manta, de ambiente tranquilo y vientos constantes, conocida como destino ideal para kitesurf. Sus amplios espacios y olas suaves la hacen apta para deportes acuáticos y caminatas, con varios hostales y escuelas de kite en la zona","4.5/5","~80 opiniones","1.01 S, 80.86 W","https://www.tripadvisor.com/Attraction_Review-g297538-d3383695-Reviews-Playa_Santa_Marianita-Manta_Manabi_Province.html"
"Manta","","Refugio de Vida Silvestre Pacoche","Reserva natural","Bosque húmedo tropical costero a 25 km de Manta que protege bosque de garúa, hábitat de monos aulladores, aves y flora nativa. Senderos guiados permiten internarse entre ceibos gigantes y observar fauna. También incluye playa protegida para tortugas marinas","4.5/5","~40 opiniones","1.22 S, 80.97 W","https://www.tripadvisor.com/Attraction_Review-g297538-d2634092-Reviews-Pacoche_Wildlife_Refuge-Manta_Manabi_Province.html"
"Manta","","Museo Cancebí","Museo","Museo etnográfico y de artesanías ubicado en el centro de Manta. Exhibe la cultura y tradiciones manabitas, con salas dedicadas a la pesca, agricultura, tejido de sombreros de paja toquilla, cerámica precolombina regional y galería de arte contemporáneo","4.0/5","~50 opiniones","0.95 S, 80.72 W","https://www.tripadvisor.com/Attraction_Review-g297538-d4753301-Reviews-Cancebi_Museum-Manta_Manabi_Province.html"
"Manta","","Montecristi (ciudad cercana)","Artesanías","Pueblo histórico a 30 min de Manta, cuna del sombrero de paja toquilla. En su centro se encuentran talleres artesanales y tiendas de sombreros finos. También destaca la gran iglesia de Monserrate y un museo a Eloy Alfaro (líder liberal nacido aquí)","4.5/5","~120 opiniones","1.05 S, 80.66 W","https://www.tripadvisor.com/Attraction_Review-g297538-d7225765-Reviews-Montecristi-Manta_Manabi_Province.html"
"Manta","","Mercado de Tarqui (Mercado de Mariscos)","Mercado","Mercado popular junto a la playa de Tarqui donde llegan los pescadores al amanecer con el producto del día. Se puede ver la actividad pesquera tradicional y disfrutar de platos típicos con pescado y mariscos frescos en los comedores aledaños","4.0/5","~40 opiniones","0.97 S, 80.73 W",""
"Puerto López","Pequeña ciudad pesquera en la costa de Manabí, famosa por ser base para explorar el Parque Nacional Machalilla. Desde aquí se visitan la isla de la Plata (conocida como “Galápagos pequeño”) y la playa Los Frailes, y de junio a septiembre es centro de avistamiento de ballenas jorobadas","Isla de la Plata","Isla/Reserva","Isla oceánica parte del Parque Machalilla, llamada “Galápagos en miniatura” por su fauna similar (piqueros de patas azules, fragatas, tortugas marinas). Se accede en tour en bote (1h) que incluye caminata por la isla y snorkel; en temporada se avistan ballenas en el trayecto:contentReference[oaicite:40]{index=40}","4.5/5","~400 opiniones","1.28 S, 81.07 W","https://www.tripadvisor.com/Attraction_Review-g635730-d2634096-Reviews-Isla_de_la_Plata-Puerto_Lopez_Manabi_Province.html"
"Puerto López","","Playa Los Frailes","Playa","Considerada una de las playas más hermosas de Ecuador, de arena blanca y aguas azul turquesa, rodeada de acantilados y bosque seco tropical protegido. Ubicada dentro del Parque Machalilla a 12 km de Puerto López, se accede en vehículo + caminata. No tiene edificaciones, conservando su estado natural","5.0/5","~500 opiniones","1.55 S, 80.80 W","https://www.tripadvisor.com/Attraction_Review-g635730-d317396-Reviews-Los_Frailes_Beach-Puerto_Lopez_Manabi_Province.html"
"Puerto López","","Parque Nacional Machalilla","Parque nacional","Área protegida costera-terrestre que abarca bosques secos, zonas arqueológicas y ecosistemas marinos. Incluye la isla de la Plata, playas vírgenes (Los Frailes), bosque húmedo de Agua Blanca. Destaca por su biodiversidad de aves, arrecifes de coral y como uno de los últimos refugios del guacamayo verde en Ecuador","N/A","N/A","1.50 S, 80.80 W",""
"Puerto López","","Comunidad Agua Blanca","Sitio arqueológico","Comunidad ancestral dentro del Parque Machalilla. Ofrece un museo que exhibe piezas de la cultura Manteña (500-1500 d.C.), ruinas arqueológicas (basamentos, urnas funerarias) y una piscina natural de aguas sulfurosas donde los turistas pueden bañarse con lodo mineral","4.5/5","~180 opiniones","1.56 S, 80.73 W","https://www.tripadvisor.com/Attraction_Review-g635730-d2707863-Reviews-Agua_Blanca-Puerto_Lopez_Manabi_Province.html"
"Puerto López","","Avistamiento de Ballenas","Actividad","De junio a septiembre, tours en lancha desde Puerto López permiten observar de cerca ballenas jorobadas migratorias. Los cetáceos realizan saltos y golpes de aleta; los guías brindan información sobre su biología. Es una experiencia destacada de la temporada de costa ecuatoriana","5.0/5","(Temporada)","1.29 S, 81.07 W",""
"Tena","Capital de la provincia de Napo, en plena Amazonía ecuatoriana. Rodeada de ríos y selva, es conocida por sus paisajes exuberantes y actividades de aventura (rafting en ríos Jatunyacu y Misahuallí, kayak):contentReference[oaicite:41]{index=41}. Es la base perfecta para explorar la rica biodiversidad amazónica de la zona:contentReference[oaicite:42]{index=42}","Parque Amazónico La Isla","Parque ecológico","Parque natural en una isla en la confluencia de los ríos Tena y Pano, accesible por puente peatonal. Posee senderos interpretativos entre bosque secundario, un mirador, mini zoológico de fauna local y ofrece una primera introducción a la flora y fauna amazónicas","4.0/5","~80 opiniones","0.99 S, 77.81 W","https://www.tripadvisor.com/Attraction_Review-g789218-d4452137-Reviews-Amazonico_La_Isla_Park-Tena_Napo_Province.html"
"Tena","","Amazoonico (Rescate de Fauna)","Rescate de fauna","Centro de rescate de animales silvestres ubicado en la ribera del río Arajuno (afluente del Napo). Se accede en canoa desde Misahuallí o Ahuano. Rehabilita fauna amazónica víctima de tráfico (monos, guacamayos, ocelotes); visitas guiadas educan sobre conservación","4.5/5","~100 opiniones","1.04 S, 77.63 W","https://www.tripadvisor.com/Attraction_Review-g789218-d3382745-Reviews-Amazoonico_Tarapoa_Ecuador-Tena_Napo_Province.html"
"Tena","","Cavernas de Jumandy","Cavernas","Conjunto de cuevas de origen kárstico ubicadas cerca de Archidona (15 km de Tena). En el recorrido guiado se camina y nada por pasajes subterráneos con estalactitas, estalagmitas y colonias de murciélagos. Algunas cámaras tienen piscinas naturales donde los visitantes pueden sumergirse","4.0/5","~70 opiniones","0.92 S, 77.80 W","https://www.tripadvisor.com/Attraction_Review-g789218-d14940557-Reviews-Jumandi_Caves-Tena_Napo_Province.html"
"Tena","","Laguna Azul","Balneario natural","Conjunto de pozas naturales cristalinas alimentadas por cascadas en medio de la selva, ubicadas en la comunidad de Santa Clara (Pastaza, cerca de Tena). Es un balneario popular para nadar en aguas color turquesa, hacer clavados desde las rocas y disfrutar de un día de río en la Amazonía","4.5/5","~30 opiniones","1.20 S, 77.90 W",""
"Tena","","Río Jatunyacu","Río/Aventura","Afluente del río Napo conocido por sus excelentes rápidos de clase III. Es el escenario principal para rafting en Tena: recorridos de ~25 km ofrecen emoción en rápidos con nombres como “Piedra Loca” y tramos escénicos entre selva virgen, con paradas en playas fluviales","5.0/5","61 opiniones:contentReference[oaicite:43]{index=43}","1.07 S, 77.77 W","https://www.tripadvisor.com/Attraction_Review-g789218-d1777100-Reviews-Jatunyacu_River-Tena_Napo_Province.html"
"Puyo","Capital de Pastaza, conocida como la “puerta de entrada a la Amazonía” ecuatoriana:contentReference[oaicite:44]{index=44}. Ciudad tranquila junto a los Andes y la selva, rodeada de ríos, cascadas y comunidades indígenas, es base para ecoturismo, parques naturales y aventuras en la jungla:contentReference[oaicite:45]{index=45}","Parque Etnobotánico Omaere","Parque temático","Parque dedicado a las plantas medicinales y cultura Shuar y Achuar. Ofrece senderos guiados por bosque secundario donde se muestran diversas especies vegetales y sus usos tradicionales. Incluye chozas con exposiciones etnobotánicas y venta de artesanías","4.5/5","~50 opiniones","1.47 S, 77.99 W","https://www.tripadvisor.com/Attraction_Review-g789219-d2344546-Reviews-Omaere_Ethnobotanical_Park-Puyo_Pastaza_Province.html"
"Puyo","","Fundación Los Monos (Paseo de los Monos)","Rescate de fauna","Centro de rescate y rehabilitación de primates amazónicos. Alberga decenas de monos (choros, ardilla, capuchinos, etc.) que deambulan en semilibertad en un amplio terreno cercado. Los visitantes recorren senderos observando a los monos recuperándose y aprendiendo sobre su protección","4.5/5","~100 opiniones","1.46 S, 78.00 W","https://www.tripadvisor.com/Attraction_Review-g789219-d2548238-Reviews-Fundacion_Los_Monos_Selva_y_Vida-Puyo_Pastaza_Province.html"
"Puyo","","Reserva Hola Vida","Reserva natural","Reserva comunitaria que protege bosque húmedo a ~20 km de Puyo. La atracción principal es la cascada Hola Vida, de ~21 m de altura, con una piscina natural donde bañarse. El tour incluye caminata interpretativa por selva primaria, avistando insectos, anfibios y plantas medicinales","5.0/5","~40 opiniones","1.68 S, 77.90 W","https://www.tripadvisor.com/Attraction_Review-g789219-d2086156-Reviews-Hola_Vida_Natural_Reserve-Puyo_Pastaza_Province.html"
"Puyo","","Mirador Indichuris","Mirador","Mirador turístico en una colina selvática a las afueras de Puyo, manejado por una comunidad indígena. Ofrece vista panorámica del valle del río Pastaza y la jungla infinita. Cuenta con columpios “de vuelo” sobre el abismo (similar a Baños) y espacios para relajarse con vistas","5.0/5","~15 opiniones","1.54 S, 77.87 W","https://www.tripadvisor.com/Attraction_Review-g789219-d15662159-Reviews-Mirador_Indichuris-Puyo_Pastaza_Province.html"
"Puyo","","Centro Yana Cocha","Rescate de fauna","Centro de rescate de vida silvestre amazónica cerca de Puyo. Alberga animales huérfanos o recuperados del tráfico: jaguares, tapires, tucanes, tortugas, monos, etc., en espacios amplios. Ofrece visitas educativas guiadas para conocer estas especies y apoyar su cuidado","4.5/5","~90 opiniones","1.46 S, 78.02 W","https://www.tripadvisor.com/Attraction_Review-g789219-d7799676-Reviews-Yana_Cocha_Animal_Refuge-Puyo_Pastaza_Province.html"
"Riobamba","Ciudad andina conocida como la “Sultana de los Andes”. Destaca por su cercanía al volcán Chimborazo – el pico más alto del país – y por su importancia histórica. Es punto de partida para ascender Chimborazo y para el famoso tren de la Nariz del Diablo, lo que la convierte en base de turismo de montaña y aventura","Volcán Chimborazo","Volcán","Volcán inactivo de 6.263 m, el punto más alejado del centro de la Tierra. Se accede en vehículo hasta el Refugio Carrel (~4.850 m) y desde allí se puede caminar al Refugio Whymper (~5.000 m). Las vistas son espectaculares; es hábitat de vicuñas en la reserva que lo rodea","5.0/5","~300 opiniones","1.47 S, 78.99 W","https://www.tripadvisor.com/Attraction_Review-g303849-d314664-Reviews-Mount_Chimborazo-Riobamba_Chimborazo_Province.html"
"Riobamba","","Reserva Faunística Chimborazo","Reserva natural","Área protegida de 58.000 ha alrededor del Chimborazo, abarcando páramos altos entre 3.800–6.300 m. Protege poblaciones de vicuñas, llamas y alpacas reintroducidas, además de especies andinas como el zorro andino. Ofrece senderos escénicos con panoramas de volcanes","4.5/5","~70 opiniones","1.67 S, 78.85 W","https://www.tripadvisor.com/Attraction_Review-g303849-d10358625-Reviews-Reserva_Produccion_Faunistica_Chimborazo-Riobamba_Chimborazo_Province.html"
"Riobamba","","Laguna de Colta & Iglesia de Balbanera","Lago/Historia","Laguna andina situada 30 km al suroeste de Riobamba, de aguas poco profundas rodeadas de totora. A sus orillas se encuentra la histórica iglesia de Balbanera (1534), la más antigua del Ecuador. El paisaje combina el espejo de agua con vista del volcán Chimborazo en días despejados","4.0/5","~30 opiniones","1.90 S, 78.78 W","https://www.tripadvisor.com/Attraction_Review-g303849-d6207472-Reviews-Colta_Lagoon-Riobamba_Chimborazo_Province.html"
"Riobamba","","Catedral de Riobamba","Iglesia","También llamada Basílica Menor, es la iglesia principal de la ciudad, notable por su fachada tallada en piedra que sobrevivió al terremoto de 1797 (y fue trasladada desde la antigua Riobamba). Su exterior exhibe relieves mestizos barrocos; el interior es moderno por reconstrucciones posteriores","4.0/5","~50 opiniones","1.67 S, 78.65 W","https://www.tripadvisor.com/Attraction_Review-g303849-d8610472-Reviews-Catedral_de_Riobamba-Riobamba_Chimborazo_Province.html"
"Riobamba","","Museo y Centro Cultural Riobamba","Museo","Complejo museístico alojado en una casona patrimonial. Incluye el Museo de la Ciudad, con exposiciones sobre la historia local (desde culturas prehispánicas Puruhaes hasta la Independencia) y arte religioso; y salas de arte contemporáneo. Ofrece una visión amplia del legado cultural de Riobamba","4.5/5","~25 opiniones","1.67 S, 78.65 W",""
"Loja","Ciudad colonial del sur, conocida como la capital cultural y musical del Ecuador por su gran tradición artística:contentReference[oaicite:46]{index=46}. Destaca por su ambiente tranquilo, su patrimonio arquitectónico (Puerta de la Ciudad, iglesias) y por ser entrada al Parque Nacional Podocarpus y valle de Vilcabamba","Puerta de la Ciudad","Monumento","Icono de Loja: réplica de una antigua puerta fortificada, construida en 1998 inspirada en el escudo de la ciudad. Posee torres, puente levadizo y murallas que hoy albergan un museo de historia de Loja y un mirador. Marca el ingreso al centro histórico lojeño","4.5/5","~100 opiniones","3.99 S, 79.20 W","https://www.tripadvisor.com/Attraction_Review-g644409-d8755877-Reviews-Puerta_de_la_Ciudad-Loja_Loja_Province.html"
"Loja","","Parque Jipiro","Parque temático","Parque recreativo al norte de Loja con laguna y réplicas en miniatura de edificaciones del mundo (pagoda china, pirámide egipcia, torre Eiffel, etc.). Es un espacio familiar con áreas verdes, juegos infantiles y alquiler de botes; mezcla esparcimiento con educación cultural","4.5/5","~120 opiniones","3.98 S, 79.21 W","https://www.tripadvisor.com/Attraction_Review-g644409-d7394933-Reviews-Parque_Jipiro-Loja_Loja_Province.html"
"Loja","","Catedral Basílica de Loja","Iglesia","Iglesia matriz de Loja, con fachada neoclásica pintada de blanco y amarillo. Reconstruida varias veces desde el siglo XVI por terremotos, la actual data de 1838. En su interior sencillo destacan el altar mayor y la imagen de la Virgen de El Cisne durante sus visitas anuales","4.5/5","~60 opiniones","4.00 S, 79.20 W","https://www.tripadvisor.com/Attraction_Review-g644409-d8755880-Reviews-Catedral_de_Loja-Loja_Loja_Province.html"
"Loja","","Parque Nacional Podocarpus (Ingreso Cajanuma)","Parque nacional","Extensa área protegida de bosques nublados y páramos andinos compartida entre Loja y Zamora. Desde el sector Cajanuma (a 15 km de Loja, 2.800 msnm) parten senderos entre densa vegetación, con miradores naturales y observación de aves endémicas. El parque alberga osos de anteojos, orquídeas y los árboles de romerillo (podocarpus) que le dan nombre","5.0/5","~50 opiniones","4.10 S, 79.20 W","https://www.tripadvisor.com/Attraction_Review-g644409-d2626336-Reviews-Podocarpus_National_Park-Loja_Loja_Province.html"
"Loja","","Museo de la Música","Museo","Museo interactivo que celebra la herencia musical lojana. Exhibe instrumentos tradicionales, fotografías y biografías de compositores y artistas locales célebres. Cuenta con salas de audio donde se pueden escuchar pasillos y albazos típicos, ilustrando por qué Loja es llamada “cuna musical” del país","4.5/5","~20 opiniones","4.00 S, 79.20 W",""
"Vilcabamba","Pequeño pueblo en el valle subtropical de Malacatos (Loja), llamado el “Valle de la Longevidad” por la notable longevidad de algunos habitantes. Con clima cálido todo el año, entornos verdes y atmósfera relajada, atrae a extranjeros en busca de bienestar, retiros y vida tranquila","Valle de Vilcabamba","Valle","Valle fértil a 1.500 msnm, rodeado de montañas verdes y cultivado con frutales. Famoso por la supuesta alta longevidad de su población local, estudiada por científicos. El entorno natural invita a caminatas, cabalgatas y contacto con la naturaleza apacible del valle","N/A","N/A","4.26 S, 79.22 W",""
"Vilcabamba","","Cerro Mandango","Montaña","Imponente cerro con forma de figura reclinada (llamado “el dios dormido”) que domina Vilcabamba. Ofrece un popular sendero de ascenso (2–3 h) hasta su cima a 2.000 m, desde donde hay vistas panorámicas del valle de Vilcabamba y cordillera de los Andes circundante","N/A","N/A","4.24 S, 79.22 W",""
"Vilcabamba","","Reserva Rumi Wilco","Reserva privada","Reserva ecológica a orillas del río Vilcabamba gestionada por una familia. Protege bosque seco premontano con senderos autoguiados que muestran flora nativa y ofrecen chance de avistar aves. Cuenta con áreas de camping y cabañas ecológicas para visitantes","4.5/5","~20 opiniones","4.26 S, 79.23 W","https://www.tripadvisor.com/Attraction_Review-g635730-d10420861-Reviews-Rumi_Wilco_Nature_Reserve-Vilcabamba_Loja_Province.html"
"Zaruma","Ciudad histórica asentada en las montañas de El Oro, célebre por su arquitectura republicana de madera multicolor y su pasado minero aurífero. Declarada Patrimonio Cultural del Ecuador, sus callejuelas empinadas y balcones ornamentados la hacen un pintoresco destino cultural en la región sur","Centro Histórico de Zaruma","Arquitectura urbana","Conjunto urbano patrimonial de casas de madera con balcones trabajados, pintadas de vivos colores. Recorriendo sus calles estrechas se aprecia la atmósfera nostálgica de la bonanza minera de principios del siglo XX. La Plaza Central, el Palacio Municipal y museos mineros destacan en el recorrido","N/A","N/A","3.70 S, 79.61 W",""
"Zaruma","","Mina El Sexmo","Atracción histórica","Galería minera a pocos minutos del centro, habilitada para turismo. Permite internarse en uno de los túneles originales de extracción de oro usados desde época colonial. Guiado por ex-mineros, el recorrido muestra vetas de cuarzo, herramientas antiguas y explica la historia de la fiebre del oro zarumeña","4.5/5","~30 opiniones","3.70 S, 79.60 W","https://www.tripadvisor.com/Attraction_Review-g2345979-d2335032-Reviews-El_Sexmo_Mine-Zaruma_El_Oro_Province.html"
"Zaruma","","Santuario de la Virgen del Carmen","Iglesia","Iglesia matriz de Zaruma, construida en 1912 en estilo neogótico con madera. De fachada beige y campanario único, se alza en una colina dominando la ciudad. Su interior, de una sola nave, resguarda la venerada imagen de la Virgen del Carmen, patrona de los mineros zarumeños","4.5/5","~10 opiniones","3.70 S, 79.61 W",""
"Papallacta","Pueblo andino a 3.300 msnm en los páramos al oriente de Quito, famoso por sus fuentes termales de origen volcánico. Rodeado de montañas y enclavado en la Reserva Cayambe-Coca, es un destino popular de salud y relajación en aguas termales con vistas naturales:contentReference[oaicite:47]{index=47}","Termas de Papallacta","Termas/Balneario","Complejo de piscinas termales al aire libre alimentadas por aguas geotermales cristalinas (51°C en la fuente, reguladas a ~36–40°C). Ofrece áreas de spa, hidroterapia y piscinas de diferentes temperaturas rodeadas de paisaje montañoso andino","4.5/5","~700 opiniones","0.37 S, 78.14 W","https://www.tripadvisor.com/Attraction_Review-g677337-d315370-Reviews-Termas_de_Papallacta-Papallacta_Napo_Province.html"
"Papallacta","","Laguna Papallacta","Lago","Lago de origen glaciar cercano al pueblo, rodeado de páramo. Sus aguas frías contrastan con las termales de la zona. Se llega en vehículo; es utilizado para pesca deportiva de truchas. Desde sus orillas se observan aves acuáticas andinas y ocasionalmente venados en las laderas","N/A","N/A","0.37 S, 78.13 W",""
"Papallacta","","Reserva Cayambe-Coca (senderos)","Reserva natural","Área protegida que rodea Papallacta, con ecosistemas de páramo, bosques altos y lagunas. Desde la entrada junto a las termas parten senderos como “Sol de Agua” que permiten caminatas cortas entre pantanos de altura, observación de frailejones, posibles avistamientos de osos de anteojos y vistas hacia nevados (Cayambe, Antisana) si el clima lo permite","N/A","N/A","0.33 S, 78.14 W",""
"Alausí","Pequeña ciudad andina famosa por el ferrocarril de la Nariz del Diablo. Sus coloridas casas se asientan en la ladera de un valle. Es un pueblo patrimonial tranquilo cuya principal atracción es el vertiginoso recorrido en tren que desciende la montaña zigzagueando, considerado una hazaña de ingeniería ferroviaria","Tren Nariz del Diablo","Tren escénico","Ferrocarril turístico que recorre un tramo histórico de la línea Transandina, descendiendo por la “Nariz del Diablo”, formación rocosa casi vertical. El tren realiza zigzags para salvar el pronunciado desnivel. El viaje ofrece vistas espectaculares de cañones y dura ~2.5 h ida/vuelta desde Alausí:contentReference[oaicite:48]{index=48}","4.5/5","~300 opiniones","2.20 S, 78.85 W","https://www.tripadvisor.com/Attraction_Review-g2651931-d318718-Reviews-Tren_Cruz_del_Diablo-Alausi_Chimborazo_Province.html"
"Alausí","","Mirador San Pedro","Mirador","Estatua gigante del apóstol San Pedro de 21 m de alto ubicada en lo alto de Alausí. Representa al santo patrono de la ciudad. Desde la base de la estatua se tiene una vista panorámica de 360° de la ciudad con sus techos de teja, el río Chanchán y las montañas circundantes","4.5/5","~20 opiniones","2.19 S, 78.85 W","https://www.tripadvisor.com/Attraction_Review-g2651931-d12835211-Reviews-Mirador_de_San_Pedro-Alausi_Chimborazo_Province.html"
"Alausí","","Iglesia Matriz de Alausí","Iglesia","Templo principal de Alausí, dedicado a San Pedro. De fachada sencilla y blanqueada, con un campanario esbelto. En su interior austero destacan algunos vitrales y la imagen de San Pedro que sale en procesión en las fiestas locales. Ubicada frente al parque central, es parte del conjunto patrimonial de la ciudad","4.0/5","~10 opiniones","2.20 S, 78.85 W",""
"Playas (General Villamil)","Población costera de la provincia del Guayas, cercana a Guayaquil. Cuenta con 13 km de playa continua y clima cálido todo el año, por lo que junto a Salinas es de los balnearios más populares del país:contentReference[oaicite:49]{index=49}. Su ambiente es familiar y relajado, con abundante oferta de mariscos","Playa General Villamil","Playa","Amplia playa de arena gris y oleaje suave que se extiende kilómetros, ideal para nadar y deportes playeros. Bordea el malecón de Playas, donde se concentran restaurantes de mariscos y puestos de cocos. Por su poca profundidad y salvavidas, es muy concurrida por familias","4.5/5","~200 opiniones","2.63 S, 80.38 W","https://www.tripadvisor.com/Attraction_Review-g1432132-d6907562-Reviews-General_Villamil_Beach-Playas_Guayas_Province.html"
"Playas (General Villamil)","","Puerto El Morro (delfines)","Navegación","Comunidad pesquera a 20 km de Playas, punto de partida de tours en lancha por el manglar del Golfo de Guayaquil. Se navega por esteros rodeados de manglares avistando aves (fragatas, garzas) y una población residente de delfines nariz de botella que suelen saltar cerca de las embarcaciones","4.5/5","~50 opiniones","2.64 S, 80.20 W","https://www.tripadvisor.com/Attraction_Review-g1432132-d4410238-Reviews-Puerto_El_Morro-Playas_Guayas_Province.html"
"Playas (General Villamil)","","Santuario de Santa Narcisa de Jesús","Iglesia","Iglesia moderna erigida en honor a Santa Narcisa de Jesús (santa ecuatoriana nacida en la zona). Es un centro de peregrinación; destaca su arquitectura con forma de cruz de base octagonal y vitrales coloridos. Ubicado en el recinto Colonche (cerca de Playas), combina fe y turismo religioso local","4.5/5","~30 opiniones","2.49 S, 80.26 W",""
"Canoa","Apacible pueblo costero de Manabí que se ha vuelto popular entre mochileros. Antaño aldea pesquera, hoy destaca por su extensa playa dorada, su atmósfera bohemia y olas ideales para surf, atrayendo viajeros en busca de sol y relajación:contentReference[oaicite:50]{index=50}","Playa de Canoa","Playa","Playa de 17 km de largo flanqueada por acantilados al norte. Ofrece olas constantes aptas para surfistas principiantes e intermedios, así como amplios espacios para caminar, montar a caballo y admirar atardeceres. El pueblo cuenta con hostales, bares y escuela de surf que dinamizan la playa","4.5/5","~100 opiniones","0.46 S, 80.45 W","https://www.tripadvisor.com/Attraction_Review-g1023820-d7741734-Reviews-Canoa_Beach-Canoa_Manabi_Province.html"
"Canoa","","Acantilados de Canoa","Naturaleza","Formaciones de acantilados arcillosos al final norte de la playa. Se puede hacer senderismo corto durante la marea baja para observar aves marinas y pequeñas cuevas (como la llamada “Cueva del Amor”). Desde lo alto de los acantilados hay miradores naturales con vista panorámica de la costa","N/A","N/A","0.43 S, 80.46 W",""
"Canoa","","Calle de los Cocteles (zona central)","Vida nocturna","Área central de Canoa donde se ubican chiringuitos y bares rústicos al aire libre que sirven cocteles tropicales. En las noches, especialmente fines de semana, se anima con música, turistas y locales compartiendo en un ambiente relajado de fiesta playera","N/A","N/A","0.46 S, 80.45 W",""
"Puerto Misahuallí","Pequeña parroquia a orillas del río Napo (provincia de Napo), famosa por sus monos capuchinos que rondan libremente la plaza central. Es punto de partida para excursiones en bote por el río hacia comunidades kichwa y reservas naturales, ofreciendo a los visitantes una primera inmersión en la Amazonía ecuatoriana","Plaza de los Monos","Atracción urbana","Parque central de Misahuallí, conocido porque una tropa de monos capuchinos habita en sus árboles y baja a interactuar con turistas (a veces robándoles comida). Es el principal atractivo del pueblo, donde los visitantes pueden observar y fotografiar de cerca a estos curiosos primates en un entorno urbano","4.0/5","~60 opiniones","1.04 S, 77.66 W","https://www.tripadvisor.com/Attraction_Review-g670742-d9733514-Reviews-Misahualli_Monkey_Beach-Tena_Napo_Province.html"
"Puerto Misahuallí","","Playas del Río Napo","Playa fluvial","Extensa playa de arena y cantos rodados en la confluencia de los ríos Napo y Misahuallí, junto al pueblo. Punto de embarque de las lanchas turísticas; los visitantes pueden nadar en las aguas del río (con precaución), tomar el sol en la orilla y observar el paisaje amazónico. En los alrededores, suelen verse mariposas y alguna ave ribereña","4.0/5","~30 opiniones","1.04 S, 77.67 W",""
"Puerto Misahuallí","","Comunidad Kichwa (experiencia cultural)","Cultural","Varias comunidades kichwas cercanas ofrecen visitas donde muestran sus tradiciones: bailes, música con instrumentos típicos, demostración de cerbatanas y preparación de chicha de yuca. Los turistas aprenden sobre su modo de vida en la selva y pueden adquirir artesanías. Se accede en canoa desde Misahuallí, complementando la experiencia natural con la cultural","N/A","N/A","1.06 S, 77.66 W",""
